{
  "sam": {
    "feature_vector": [
      1.7816319599372965e-08,
      7.904567227103507e-10,
      2.5410676363591615e-14,
      -2.6194080615657387e-14,
      2.5990554719896683e-13,
      2.7217138363179067e-12,
      -3.462007008022252e-14,
      -2.6194080615657387e-14,
      2.1423791322524785e-13,
      5.587262959087236e-13,
      9.006792796881476e-13,
      9.66002534307708e-13,
      1.144434503347033e-12,
      1.1430396067634254e-12,
      -1.2603746173489193e-12,
      0.01949748593601866,
      0.00517646211837292,
      0.05566727855252988,
      0.4665475129080105,
      1.2952547776933039,
      1.2103631483327904,
      0.49405636034661016,
      -4.637604264905712e-14,
      2.873123380513258e-09,
      8.930997349627946e-10,
      -4.637604264905712e-14,
      9.448834674447186e-13,
      6.222854504310365e-12,
      3.632294258046854e-14,
      1.8362007815055867e-11,
      -3.478203198679284e-14,
      -3.478203198679284e-14,
      2.111909043664265e-14,
      2.490816128211892e-14,
      -8.079277966167157e-16,
      8.079277966167157e-16,
      -9.264857424840873e-16,
      -8.134246220901378e-15,
      -1.2512579070906331e-14,
      -9.322863454590396e-15,
      -1.7197349705936193e-14,
      -1.9176257871124162e-14,
      -2.2506804583415895e-14,
      -2.0466579945703825e-14,
      -2.134804449656224e-14,
      -2.1699839615796793e-14,
      -1.9761504845760846e-14,
      -1.4910350649910202e-15,
      -1.1597299566667767e-15,
      -2.132632624004955e-14,
      -2.3120067871117152e-14,
      -2.2994007397191207e-14,
      -2.316998010226257e-14,
      -2.307320008793671e-14
    ],
    "features": {
      "area": 123477.5,
      "perimeter": 5478.787462472916,
      "aspect_ratio": 0.6582278481012658,
      "solidity": 0.30057814021421614,
      "extent": 0.30057814021421614,
      "convexity": 2.2834079083233787,
      "compactness": 19.34511049189244,
      "circularity": 0.24218134024725052,
      "hu_moments": [
        2.263863381947047,
        5.128859013728129,
        7.972768573670311,
        8.51604041837203,
        9.99999992924318,
        9.98839903696434,
        -9.9999999906139
      ],
      "central_moments": [
        162154124334.8643,
        43050918704.017395,
        462966294085.0025,
        3880120937860.7603,
        10772204424509.5,
        10066188896792.5,
        4108902898903.9434
      ],
      "endpoint_count": 0,
      "branchpoint_count": 29869,
      "skeleton_length": 9285,
      "stroke_complexity": 0.0,
      "gradient_mean": 13.57925510005181,
      "gradient_std": 86.7378129566604,
      "gradient_entropy": 0.9855941534042358,
      "intensity_mean": 255.0,
      "intensity_std": 0.0,
      "intensity_skew": 0.0,
      "fourier_descriptors": [
        0.921218885988,
        1.0,
        0.46531953920223684,
        0.4989158769084668,
        0.4628545214099311,
        0.3129931376621679,
        0.22196028198185425,
        0.2882797993207434,
        0.12455607272591278,
        0.0834112654264982,
        0.014163634288483233,
        0.056583313504980706,
        0.038256192659082554,
        0.03094178431795299,
        0.07124300293832733
      ],
      "centroid_x": 0.451116597693114,
      "centroid_y": 0.4580049844707884,
      "pixel_density": 0.03870775150087897,
      "mass_distribution": [
        0.0014128658394193042,
        0.004033873725989548,
        0.00037510715587420873,
        0.0023873253628237815
      ]
    },
    "image_path": "C:\\Users\\vishe\\Downloads\\Sgenuine.jpg",
    "timestamp": "2025-10-30T10:55:56.959208"
  }
}