{
  "SAM": {
    "feature_vector": [
      1.7816319599372965e-08,
      7.904567227103507e-10,
      2.5410676363591615e-14,
      -2.6194080615657387e-14,
      2.5990554719896683e-13,
      2.7217138363179067e-12,
      -3.462007008022252e-14,
      -2.6194080615657387e-14,
      2.1423791322524785e-13,
      5.587262959087236e-13,
      9.006792796881476e-13,
      9.66002534307708e-13,
      1.144434503347033e-12,
      1.1430396067634254e-12,
      -1.2603746173489193e-12,
      0.01949748593601866,
      0.00517646211837292,
      0.05566727855252988,
      0.4665475129080105,
      1.2952547776933039,
      1.2103631483327904,
      0.49405636034661016,
      -4.637604264905712e-14,
      2.873123380513258e-09,
      8.930997349627946e-10,
      -4.637604264905712e-14,
      9.448834674447186e-13,
      6.222854504310365e-12,
      3.632294258046854e-14,
      1.8362007815055867e-11,
      -3.478203198679284e-14,
      -3.478203198679284e-14,
      2.111909043664265e-14,
      2.490816128211892e-14,
      -8.079277966167157e-16,
      8.079277966167157e-16,
      -9.264857424840873e-16,
      -8.134246220901378e-15,
      -1.2512579070906331e-14,
      -9.322863454590396e-15,
      -1.7197349705936193e-14,
      -1.9176257871124162e-14,
      -2.2506804583415895e-14,
      -2.0466579945703825e-14,
      -2.134804449656224e-14,
      -2.1699839615796793e-14,
      -1.9761504845760846e-14,
      -1.4910350649910202e-15,
      -1.1597299566667767e-15,
      -2.132632624004955e-14,
      -2.3120067871117152e-14,
      -2.2994007397191207e-14,
      -2.316998010226257e-14,
      -2.307320008793671e-14
    ],
    "features": {
      "area": 123477.5,
      "perimeter": 5478.787462472916,
      "aspect_ratio": 0.6582278481012658,
      "solidity": 0.30057814021421614,
      "extent": 0.30057814021421614,
      "convexity": 2.2834079083233787,
      "compactness": 19.34511049189244,
      "circularity": 0.24218134024725052,
      "hu_moments": [
        2.263863381947047,
        5.128859013728129,
        7.972768573670311,
        8.51604041837203,
        9.99999992924318,
        9.98839903696434,
        -9.9999999906139
      ],
      "central_moments": [
        162154124334.8643,
        43050918704.017395,
        462966294085.0025,
        3880120937860.7603,
        10772204424509.5,
        10066188896792.5,
        4108902898903.9434
      ],
      "endpoint_count": 0,
      "branchpoint_count": 29869,
      "skeleton_length": 9285,
      "stroke_complexity": 0.0,
      "gradient_mean": 13.57925510005181,
      "gradient_std": 86.7378129566604,
      "gradient_entropy": 0.9855941534042358,
      "intensity_mean": 255.0,
      "intensity_std": 0.0,
      "intensity_skew": 0.0,
      "fourier_descriptors": [
        0.921218885988,
        1.0,
        0.46531953920223684,
        0.4989158769084668,
        0.4628545214099311,
        0.3129931376621679,
        0.22196028198185425,
        0.2882797993207434,
        0.12455607272591278,
        0.0834112654264982,
        0.014163634288483233,
        0.056583313504980706,
        0.038256192659082554,
        0.03094178431795299,
        0.07124300293832733
      ],
      "centroid_x": 0.451116597693114,
      "centroid_y": 0.4580049844707884,
      "pixel_density": 0.03870775150087897,
      "mass_distribution": [
        0.0014128658394193042,
        0.004033873725989548,
        0.00037510715587420873,
        0.0023873253628237815
      ]
    },
    "image_path": "C:\\Users\\vishe\\Downloads\\Sgenuine.jpg",
    "timestamp": "2025-10-28T22:43:17.366588"
  },
  "john": {
    "feature_vector": [
      2.4306294015087067e-08,
      6.716189175772191e-09,
      2.272939126043618e-12,
      -5.321572448519633e-13,
      2.4598772122596164e-11,
      1.4702471187561812e-10,
      -5.070254941355246e-13,
      -5.321572448519633e-13,
      4.4682124602759894e-12,
      1.2645915515255547e-11,
      1.6010041447305522e-11,
      1.910221091990178e-11,
      2.2006647045415906e-11,
      -2.313076007133313e-11,
      -2.313919614589737e-11,
      0.045256615303099795,
      -0.007260548145231566,
      0.037216742710896006,
      1.226891816128413,
      1.1231462847864369,
      -0.37648993664812475,
      -0.7046313786654635,
      -4.530195990420084e-13,
      1.3725689207449887e-08,
      4.748889705981629e-09,
      -4.530195990420084e-13,
      2.4950360686098448e-11,
      9.179649087694504e-11,
      3.387534704715116e-12,
      3.450259373034954e-10,
      -3.397646992815063e-13,
      -3.397646992815063e-13,
      6.764070684601118e-13,
      2.8175551388279426e-14,
      2.4118948527935505e-13,
      -2.8175551388279375e-14,
      4.978343097324653e-13,
      3.1241902555803317e-13,
      -1.8172172150706194e-13,
      -1.4577744709937804e-13,
      -6.460044498492547e-14,
      -7.71284697157388e-14,
      -6.881939105064951e-14,
      -1.7531279742977332e-13,
      -1.7127596741821983e-13,
      -1.1167731305847025e-13,
      -1.632331236407255e-13,
      1.9915998333891294e-13,
      1.9566378649645984e-13,
      -1.800777132069658e-13,
      -2.2359442211135655e-13,
      -2.2411234115533456e-13,
      -2.2697751540962263e-13,
      -2.2386603403219015e-13
    ],
    "features": {
      "area": 8973.5,
      "perimeter": 2479.6925547122955,
      "aspect_ratio": 1.0899742930591259,
      "solidity": 0.05440595139933065,
      "extent": 0.05440595139933065,
      "convexity": 9.332088928511729,
      "compactness": 54.52854945713943,
      "circularity": 0.06368393759704569,
      "hu_moments": [
        2.230321367385859,
        5.853114714137507,
        7.3434516660086215,
        8.713309548721663,
        9.999999931196552,
        -9.996262722606504,
        -9.99999997677171
      ],
      "central_moments": [
        20049072914.03602,
        -3216485770.5669274,
        16487339657.161282,
        543523710603.50555,
        497563540837.7344,
        -166788305767.0078,
        -312157809274.47876
      ],
      "endpoint_count": 0,
      "branchpoint_count": 7601,
      "skeleton_length": 2630,
      "stroke_complexity": 0.0,
      "gradient_mean": 18.672907980943737,
      "gradient_std": 68.02859993245322,
      "gradient_entropy": 2.7520432472229004,
      "intensity_mean": 255.0,
      "intensity_std": 0.0,
      "intensity_skew": 0.0,
      "fourier_descriptors": [
        1.0,
        0.2820695458694324,
        0.5179870942561026,
        0.21965947825982235,
        0.8022267995425452,
        0.5968753538562852,
        0.04960376708221937,
        0.08941283000077326,
        0.17931811917314294,
        0.16544306026675054,
        0.17464554496909976,
        0.05670178939696325,
        0.061172666124052956,
        0.12717946749548997,
        0.07008028991834286
      ],
      "centroid_x": 0.4714385099612734,
      "centroid_y": 0.4675663961859815,
      "pixel_density": 0.051424541904791975,
      "mass_distribution": [
        0.003228843665493096,
        0.0026552370995463516,
        -0.0005180054833444677,
        0.0029280275765867537
      ]
    },
    "image_path": "C:\\Users\\vishe\\Downloads\\signature_verification\\genuine\\05_063.png",
    "timestamp": "2025-10-28T22:44:56.508740"
  }
}